{
	"version": "0.0.11",
	"type": "base",
	"versionIdx": 118,
	"lib": {
		"cloud": {
			"tags": {
				"v1": {
					"disks": [
						"diskit",
						"terminal"
					],
					"packages": [],
					"versionIdx": 20
				}
			}
		},
		"pkg": {
			"tags": {
				"v3": {
					"disks": [
						"home"
					],
					"packages": [],
					"versionIdx": 67
				}
			}
		},
		"disk": {
			"tags": {
				"v1": {
					"disks": [
						"home"
					],
					"packages": [],
					"versionIdx": 51
				}
			}
		},
		"cokecmds": {
			"tags": {
				"v1": {
					"disks": [],
					"packages": [],
					"versionIdx": 77
				}
			}
		},
		"nodeshim": {
			"tags": {
				"v1": {
					"disks": [
						"-node-extra"
					],
					"packages": [
						"v1@cokemake"
					],
					"versionIdx": 21
				}
			}
		},
		"cmdargs": {
			"tags": {
				"v1": {
					"disks": [],
					"packages": [],
					"versionIdx": 1
				},
				"v2": {
					"disks": [],
					"packages": [],
					"versionIdx": 3
				}
			}
		},
		"zippath": {
			"tags": {
				"v1": {
					"disks": [],
					"packages": [],
					"versionIdx": 29
				}
			}
		},
		"cokecodes": {
			"tags": {
				"v1": {
					"disks": [],
					"packages": [],
					"versionIdx": 8
				}
			}
		},
		"marked": {
			"tags": {
				"v1": {
					"disks": [],
					"packages": [],
					"versionIdx": 5
				}
			}
		},
		"markdownit": {
			"tags": {
				"v1": {
					"disks": [],
					"packages": [],
					"versionIdx": 9
				}
			}
		},
		"jshint": {
			"tags": {
				"v1": {
					"disks": [],
					"packages": [],
					"versionIdx": 2
				}
			}
		},
		"jsonlint": {
			"tags": {
				"v1": {
					"disks": [],
					"packages": [],
					"versionIdx": 2
				}
			}
		},
		"codeLint": {
			"tags": {
				"v1": {
					"disks": [
						"-ccedit"
					],
					"packages": [],
					"versionIdx": 2
				}
			}
		},
		"codemirror": {
			"tags": {
				"v1": {
					"disks": [
						"ccedit",
						"-ccedit"
					],
					"packages": [],
					"versionIdx": 17
				}
			}
		},
		"jslint": {
			"tags": {
				"v1": {
					"disks": [],
					"packages": [],
					"versionIdx": 6
				}
			}
		},
		"react": {
			"tags": {
				"17": {
					"disks": [
						"prj_react",
						"aarct",
						"ReactTest",
						"HMR",
						"prj_vreact",
						"reacth",
						"myapp2",
						"HelloReact"
					],
					"packages": [],
					"versionIdx": 10
				}
			}
		},
		"babel": {
			"tags": {
				"7": {
					"disks": [
						"prj_react",
						"aarct",
						"ReactTest",
						"HMR",
						"prj_vreact",
						"reacth",
						"myapp2",
						"HelloReact"
					],
					"packages": [],
					"versionIdx": 4
				}
			}
		},
		"rollup": {
			"tags": {
				"v1": {
					"disks": [
						"prj_react",
						"aarct",
						"ReactTest",
						"HMR",
						"prj_vreact",
						"reacth",
						"myapp2",
						"HelloReact"
					],
					"packages": [],
					"versionIdx": 11
				}
			}
		},
		"terser": {
			"tags": {
				"v1": {
					"disks": [
						"prj_vreact",
						"myapp2",
						"HelloReact"
					],
					"packages": [],
					"versionIdx": 4
				}
			}
		},
		"cokemake": {
			"tags": {
				"v1": {
					"disks": [
						"HMR",
						"ReactTest",
						"prj_vreact",
						"reacth",
						"myapp2",
						"HelloReact"
					],
					"packages": [],
					"versionIdx": 35
				}
			}
		},
		"markbook": {
			"tags": {
				"v1": {
					"disks": [],
					"packages": [],
					"versionIdx": 12
				}
			}
		},
		"vfact": {
			"tags": {
				"V1": {
					"disks": [],
					"packages": [],
					"versionIdx": 166
				}
			}
		}
	},
	"bin": {},
	"cloudId": "coke@avdpro@me.com"
}