{
	"time": 1698780949895,
	"docs": {
		"tabos.md": "Tab-OS: A Virtual OS in the Browser for Creative Development",
		"tabos_ide.md": "Overview of Tab-OS IDE: A universal code editor with a WYSIWYG UI editor, data binding and mock-up capabilities, UI faces for dynamic appearances, component reusability, a component library, and cross-platform/framework independence.",
		"tabos_roadmap.md": "Tab-OS Road Map: System improvements, Tab-OS IDE enhancements, Files Tool features, Terminal upgrades, and additional apps and tools."
	}
}