{
	"name": "cokecmds",
	"main": "cmds.js",
	"imports": {},
	"lib": {},
	"bin": {},
	"binExport": [
		{
			"name": "ls",
			"main": "ls.js",
			"type": "cmd"
		},
		{
			"name": "cd",
			"main": "cd.js",
			"type": "cmd"
		},
		{
			"name": "clear",
			"main": "clear.js",
			"type": "cmd"
		},
		{
			"name": "pwd",
			"main": "pwd.js",
			"type": "cmd"
		},
		{
			"name": "mkdir",
			"main": "mkdir.js",
			"type": "cmd"
		},
		{
			"name": "rm",
			"main": "rm.js",
			"type": "cmd"
		},
		{
			"name": "cp",
			"main": "cp.js",
			"type": "cmd"
		},
		{
			"name": "mv",
			"main": "mv.js",
			"type": "cmd"
		},
		{
			"name": "cat",
			"main": "cat.js",
			"type": "cmd"
		},
		{
			"name": "echo",
			"main": "echo.js",
			"type": "cmd"
		},
		{
			"name": "zip",
			"main": "zip.js",
			"type": "cmd"
		},
		{
			"name": "unzip",
			"main": "unzip.js",
			"type": "cmd"
		},
		{
			"name": "help",
			"main": "help.js",
			"type": "cmd"
		},
		{
			"name": "coke",
			"main": "coke.js",
			"type": "cmd"
		},
		{
			"name": "sh",
			"main": "coke.js",
			"type": "cmd"
		},
		{
			"name": "open",
			"main": "open.js",
			"type": "cmd"
		}
	],
	"moreExport": [
		{
			"name": "info",
			"main": "info.js",
			"type": "cmd"
		},
		{
			"name": "version",
			"main": "version.js",
			"type": "cmd"
		}
	],
	"cloudId": "cokecmds@avdpro@me.com",
	"versionIdx": 77,
	"version": "0.1.2"
}